item_id,ingredient_id,confidence
A01,1.0,0.8571428571428572
A02,2.0,1.0
A03,3.0,0.8333333333333335
A04,,0.0
A05,5.0,1.0
A06,,0.0
A07,,0.0
A08,,0.0
A09,9.0,1.0
A10,10.0,1.0
